GS1 Artikelcode (GTIN);Status;Productclassificatie;Gaat naar de consument;Verpakkings type;Landen of Regio's;Productomschrijving (max 35 tekens);Taal van productomschrijving;Merk;Submerk;Netto inhoud;Eenheid;Afbeelding (max 500 tekens);Bron;
8720387440009;ACTIVE;Speelgoedvoertuigen – Berijdbaar (Elektrisch);Ja;Doos;België;G spot & clitoris stimulator;Nederlands;Lilo;;;;;MijnGS1;
8720387440009;ACTIVE;Speelgoedvoertuigen – Berijdbaar (Elektrisch);Ja;Doos;Europese Unie;;;Lilo;;;;;MijnGS1;
8720387440009;ACTIVE;Speelgoedvoertuigen – Berijdbaar (Elektrisch);Ja;Doos;Nederland;;;Lilo;;;;;MijnGS1;
8720387440016;ACTIVE;Poppen/Pluchen Speelgoed (Niet–elektrisch);Ja;Doos;België;Among Us Knuffel Plushie Cadeau;Nederlands;Among Us;;10;Centimeter;;MijnGS1;
8720387440016;ACTIVE;Poppen/Pluchen Speelgoed (Niet–elektrisch);Ja;Doos;Europese Unie;;;Among Us;;;;;MijnGS1;
8720387440016;ACTIVE;Poppen/Pluchen Speelgoed (Niet–elektrisch);Ja;Doos;Nederland;;;Among Us;;;;;MijnGS1;
8720387440023;ACTIVE;Poppen/Pluchen Speelgoed (Niet–elektrisch);Ja;Zakje;België;Among Us Knuffel Plushie Crewmate;Nederlands;Among Us;;100;Gram;;MijnGS1;
8720387440023;ACTIVE;Poppen/Pluchen Speelgoed (Niet–elektrisch);Ja;Zakje;Europese Unie;;;Among Us;;;;;MijnGS1;
8720387440023;ACTIVE;Poppen/Pluchen Speelgoed (Niet–elektrisch);Ja;Zakje;Nederland;;;Among Us;;;;;MijnGS1;
8720387440030;ACTIVE;Onderbroeken/Slipjes/Boxershorts;Ja;Zakje;België;Menstruatie ondergoed sport zwart S;Nederlands;Bnatural;;30;Gram;;MijnGS1;
8720387440030;ACTIVE;Onderbroeken/Slipjes/Boxershorts;Ja;Zakje;Europese Unie;Period underwear sport black S;Engels;Bnatural;;;;;MijnGS1;
8720387440030;ACTIVE;Onderbroeken/Slipjes/Boxershorts;Ja;Zakje;Nederland;;;Bnatural;;;;;MijnGS1;
8720387440030;ACTIVE;Onderbroeken/Slipjes/Boxershorts;Ja;Zakje;Spanje;;;Bnatural;;;;;MijnGS1;
8720387440047;ACTIVE;Oorbellen/Piercing Sieraden;Ja;Zakje;België;Golden eye earring;Engels;Lightbox;;10;Gram;;MijnGS1;
8720387440047;ACTIVE;Oorbellen/Piercing Sieraden;Ja;Zakje;Europese Unie;;;Lightbox;;;;;MijnGS1;
8720387440047;ACTIVE;Oorbellen/Piercing Sieraden;Ja;Zakje;Nederland;;;Lightbox;;;;;MijnGS1;
8720387440054;ACTIVE;Oorbellen/Piercing Sieraden;Ja;Zakje;België;Silver eye earring;Engels;Lightbox;;10;Gram;;MijnGS1;
8720387440054;ACTIVE;Oorbellen/Piercing Sieraden;Ja;Zakje;Europese Unie;;;Lightbox;;;;;MijnGS1;
8720387440054;ACTIVE;Oorbellen/Piercing Sieraden;Ja;Zakje;Nederland;;;Lightbox;;;;;MijnGS1;
8720387440061;ACTIVE;Oorbellen/Piercing Sieraden;Ja;Zakje;België;Golden moon and star earrings;Engels;Lightbox;;10;Gram;;MijnGS1;
8720387440061;ACTIVE;Oorbellen/Piercing Sieraden;Ja;Zakje;Europese Unie;;;Lightbox;;;;;MijnGS1;
8720387440061;ACTIVE;Oorbellen/Piercing Sieraden;Ja;Zakje;Nederland;;;Lightbox;;;;;MijnGS1;
8720387440078;ACTIVE;Oorbellen/Piercing Sieraden;Ja;Zakje;België;Silver moon and star earrings;Engels;Lightbox;;10;Gram;;MijnGS1;
8720387440078;ACTIVE;Oorbellen/Piercing Sieraden;Ja;Zakje;Europese Unie;;;Lightbox;;;;;MijnGS1;
8720387440078;ACTIVE;Oorbellen/Piercing Sieraden;Ja;Zakje;Nederland;;;Lightbox;;;;;MijnGS1;
8720387440085;ACTIVE;Kleding voor Bovenlichaam – Assortimenten;Ja;Doos;België;Amongs us muts beanie knuffel;Nederlands;Among Us;;150;Gram;;MijnGS1;
8720387440085;ACTIVE;Kleding voor Bovenlichaam – Assortimenten;Ja;Doos;Europese Unie;;;Among Us;;;;;MijnGS1;
8720387440085;ACTIVE;Kleding voor Bovenlichaam – Assortimenten;Ja;Doos;Nederland;;;Among Us;;;;;MijnGS1;
8720387440092;ACTIVE;Kleding voor Bovenlichaam – Assortimenten;Ja;Zakje;België;Among Us Rood muts beanie cap;Nederlands;Among Us;;100;Gram;;MijnGS1;
8720387440092;ACTIVE;Kleding voor Bovenlichaam – Assortimenten;Ja;Zakje;Europese Unie;;;Among Us;;;;;MijnGS1;
8720387440092;ACTIVE;Kleding voor Bovenlichaam – Assortimenten;Ja;Zakje;Nederland;;;Among Us;;;;;MijnGS1;
8720387440108;ACTIVE;Kleding voor Bovenlichaam – Assortimenten;Ja;Zakje;België;Among Us Blauw muts beanie cap;Nederlands;Among Us;;100;Gram;;MijnGS1;
8720387440108;ACTIVE;Kleding voor Bovenlichaam – Assortimenten;Ja;Zakje;Europese Unie;;;Among Us;;;;;MijnGS1;
8720387440108;ACTIVE;Kleding voor Bovenlichaam – Assortimenten;Ja;Zakje;Nederland;;;Among Us;;;;;MijnGS1;
8720387440115;ACTIVE;Vrouwelijke Hygiëne – Inlegkruisjes;Ja;Doos;Global Market;Period Menstrual Underwear Black S;Engels;Bnatural;;40;Gram;;MijnGS1;
8720387440115;ACTIVE;Vrouwelijke Hygiëne – Inlegkruisjes;Ja;Doos;België;;;Bnatural;;;;;MijnGS1;
8720387440115;ACTIVE;Vrouwelijke Hygiëne – Inlegkruisjes;Ja;Doos;Europese Unie;;;Bnatural;;;;;MijnGS1;
8720387440115;ACTIVE;Vrouwelijke Hygiëne – Inlegkruisjes;Ja;Doos;Frankrijk;;;Bnatural;;;;;MijnGS1;
8720387440115;ACTIVE;Vrouwelijke Hygiëne – Inlegkruisjes;Ja;Doos;Duitsland;;;Bnatural;;;;;MijnGS1;
8720387440115;ACTIVE;Vrouwelijke Hygiëne – Inlegkruisjes;Ja;Doos;Nederland;;;Bnatural;;;;;MijnGS1;
8720387440115;ACTIVE;Vrouwelijke Hygiëne – Inlegkruisjes;Ja;Doos;Spanje;;;Bnatural;;;;;MijnGS1;
8720387440115;ACTIVE;Vrouwelijke Hygiëne – Inlegkruisjes;Ja;Doos;Verenigd Koninkrijk;;;Bnatural;;;;;MijnGS1;
8720387440122;ACTIVE;Vrouwelijke Hygiëne – Handdoekjes/Maandverbanden;Ja;Doos;Global Market;Period Menstrual Underwear Black M;Engels;Bnatural;;40;Gram;;MijnGS1;
8720387440122;ACTIVE;Vrouwelijke Hygiëne – Handdoekjes/Maandverbanden;Ja;Doos;België;;;Bnatural;;;;;MijnGS1;
8720387440122;ACTIVE;Vrouwelijke Hygiëne – Handdoekjes/Maandverbanden;Ja;Doos;Europese Unie;;;Bnatural;;;;;MijnGS1;
8720387440122;ACTIVE;Vrouwelijke Hygiëne – Handdoekjes/Maandverbanden;Ja;Doos;Frankrijk;;;Bnatural;;;;;MijnGS1;
8720387440122;ACTIVE;Vrouwelijke Hygiëne – Handdoekjes/Maandverbanden;Ja;Doos;Duitsland;;;Bnatural;;;;;MijnGS1;
8720387440122;ACTIVE;Vrouwelijke Hygiëne – Handdoekjes/Maandverbanden;Ja;Doos;Nederland;;;Bnatural;;;;;MijnGS1;
8720387440122;ACTIVE;Vrouwelijke Hygiëne – Handdoekjes/Maandverbanden;Ja;Doos;Spanje;;;Bnatural;;;;;MijnGS1;
8720387440139;ACTIVE;Vrouwelijke Hygiëne – Handdoekjes/Maandverbanden;Ja;Doos;Global Market;Period Menstrual Underwear Black L;Engels;Bnatural;;40;Gram;;MijnGS1;
8720387440139;ACTIVE;Vrouwelijke Hygiëne – Handdoekjes/Maandverbanden;Ja;Doos;België;;;Bnatural;;;;;MijnGS1;
8720387440139;ACTIVE;Vrouwelijke Hygiëne – Handdoekjes/Maandverbanden;Ja;Doos;Europese Unie;;;Bnatural;;;;;MijnGS1;
8720387440139;ACTIVE;Vrouwelijke Hygiëne – Handdoekjes/Maandverbanden;Ja;Doos;Frankrijk;;;Bnatural;;;;;MijnGS1;
8720387440139;ACTIVE;Vrouwelijke Hygiëne – Handdoekjes/Maandverbanden;Ja;Doos;Duitsland;;;Bnatural;;;;;MijnGS1;
8720387440139;ACTIVE;Vrouwelijke Hygiëne – Handdoekjes/Maandverbanden;Ja;Doos;Nederland;;;Bnatural;;;;;MijnGS1;
8720387440139;ACTIVE;Vrouwelijke Hygiëne – Handdoekjes/Maandverbanden;Ja;Doos;Spanje;;;Bnatural;;;;;MijnGS1;
8720387440146;ACTIVE;Vrouwelijke Hygiëne – Handdoekjes/Maandverbanden;Ja;Doos;Global Market;Period Menstrual Underwear Black XL;Engels;Bnatural;;40;Gram;;MijnGS1;
8720387440146;ACTIVE;Vrouwelijke Hygiëne – Handdoekjes/Maandverbanden;Ja;Doos;België;;;Bnatural;;;;;MijnGS1;
8720387440146;ACTIVE;Vrouwelijke Hygiëne – Handdoekjes/Maandverbanden;Ja;Doos;Europese Unie;;;Bnatural;;;;;MijnGS1;
8720387440146;ACTIVE;Vrouwelijke Hygiëne – Handdoekjes/Maandverbanden;Ja;Doos;Frankrijk;;;Bnatural;;;;;MijnGS1;
8720387440146;ACTIVE;Vrouwelijke Hygiëne – Handdoekjes/Maandverbanden;Ja;Doos;Duitsland;;;Bnatural;;;;;MijnGS1;
8720387440146;ACTIVE;Vrouwelijke Hygiëne – Handdoekjes/Maandverbanden;Ja;Doos;Nederland;;;Bnatural;;;;;MijnGS1;
8720387440146;ACTIVE;Vrouwelijke Hygiëne – Handdoekjes/Maandverbanden;Ja;Doos;Spanje;;;Bnatural;;;;;MijnGS1;
8720387440153;ACTIVE;Vrouwelijke Hygiëne – Handdoekjes/Maandverbanden;Ja;Doos;Global Market;Period Menstrual Panties Black 2XL;Engels;Bnatural;;40;Gram;;MijnGS1;
8720387440153;ACTIVE;Vrouwelijke Hygiëne – Handdoekjes/Maandverbanden;Ja;Doos;België;;;Bnatural;;;;;MijnGS1;
8720387440153;ACTIVE;Vrouwelijke Hygiëne – Handdoekjes/Maandverbanden;Ja;Doos;Europese Unie;;;Bnatural;;;;;MijnGS1;
8720387440153;ACTIVE;Vrouwelijke Hygiëne – Handdoekjes/Maandverbanden;Ja;Doos;Frankrijk;;;Bnatural;;;;;MijnGS1;
8720387440153;ACTIVE;Vrouwelijke Hygiëne – Handdoekjes/Maandverbanden;Ja;Doos;Duitsland;;;Bnatural;;;;;MijnGS1;
8720387440153;ACTIVE;Vrouwelijke Hygiëne – Handdoekjes/Maandverbanden;Ja;Doos;Nederland;;;Bnatural;;;;;MijnGS1;
8720387440153;ACTIVE;Vrouwelijke Hygiëne – Handdoekjes/Maandverbanden;Ja;Doos;Spanje;;;Bnatural;;;;;MijnGS1;
8720387440160;ACTIVE;Vrouwelijke Hygiëne – Handdoekjes/Maandverbanden;Ja;Doos;Global Market;Period Menstrual Panties Green S;Engels;Bnatural;;40;Gram;;MijnGS1;
8720387440160;ACTIVE;Vrouwelijke Hygiëne – Handdoekjes/Maandverbanden;Ja;Doos;België;;;Bnatural;;;;;MijnGS1;
8720387440160;ACTIVE;Vrouwelijke Hygiëne – Handdoekjes/Maandverbanden;Ja;Doos;Europese Unie;;;Bnatural;;;;;MijnGS1;
8720387440160;ACTIVE;Vrouwelijke Hygiëne – Handdoekjes/Maandverbanden;Ja;Doos;Frankrijk;;;Bnatural;;;;;MijnGS1;
8720387440160;ACTIVE;Vrouwelijke Hygiëne – Handdoekjes/Maandverbanden;Ja;Doos;Duitsland;;;Bnatural;;;;;MijnGS1;
8720387440160;ACTIVE;Vrouwelijke Hygiëne – Handdoekjes/Maandverbanden;Ja;Doos;Nederland;;;Bnatural;;;;;MijnGS1;
8720387440177;ACTIVE;Vrouwelijke Hygiëne – Handdoekjes/Maandverbanden;Ja;Doos;Global Market;Period Menstrual Panties Green M;Engels;Bnatural;;40;Gram;;MijnGS1;
8720387440177;ACTIVE;Vrouwelijke Hygiëne – Handdoekjes/Maandverbanden;Ja;Doos;België;;;Bnatural;;;;;MijnGS1;
8720387440177;ACTIVE;Vrouwelijke Hygiëne – Handdoekjes/Maandverbanden;Ja;Doos;Europese Unie;;;Bnatural;;;;;MijnGS1;
8720387440177;ACTIVE;Vrouwelijke Hygiëne – Handdoekjes/Maandverbanden;Ja;Doos;Frankrijk;;;Bnatural;;;;;MijnGS1;
8720387440177;ACTIVE;Vrouwelijke Hygiëne – Handdoekjes/Maandverbanden;Ja;Doos;Duitsland;;;Bnatural;;;;;MijnGS1;
8720387440177;ACTIVE;Vrouwelijke Hygiëne – Handdoekjes/Maandverbanden;Ja;Doos;Nederland;;;Bnatural;;;;;MijnGS1;
8720387440177;ACTIVE;Vrouwelijke Hygiëne – Handdoekjes/Maandverbanden;Ja;Doos;Spanje;;;Bnatural;;;;;MijnGS1;
8720387440184;ACTIVE;Vrouwelijke Hygiëne – Handdoekjes/Maandverbanden;Ja;Doos;Global Market;Period Menstrual Panties Green L;Engels;Bnatural;;40;Gram;;MijnGS1;
8720387440184;ACTIVE;Vrouwelijke Hygiëne – Handdoekjes/Maandverbanden;Ja;Doos;België;;;Bnatural;;;;;MijnGS1;
8720387440184;ACTIVE;Vrouwelijke Hygiëne – Handdoekjes/Maandverbanden;Ja;Doos;Europese Unie;;;Bnatural;;;;;MijnGS1;
8720387440184;ACTIVE;Vrouwelijke Hygiëne – Handdoekjes/Maandverbanden;Ja;Doos;Frankrijk;;;Bnatural;;;;;MijnGS1;
8720387440184;ACTIVE;Vrouwelijke Hygiëne – Handdoekjes/Maandverbanden;Ja;Doos;Duitsland;;;Bnatural;;;;;MijnGS1;
8720387440184;ACTIVE;Vrouwelijke Hygiëne – Handdoekjes/Maandverbanden;Ja;Doos;Nederland;;;Bnatural;;;;;MijnGS1;
8720387440184;ACTIVE;Vrouwelijke Hygiëne – Handdoekjes/Maandverbanden;Ja;Doos;Spanje;;;Bnatural;;;;;MijnGS1;
8720387440191;ACTIVE;Vrouwelijke Hygiëne – Handdoekjes/Maandverbanden;Ja;Doos;Global Market;Period Menstrual Panties Green XL;Engels;Bnatural;;40;Gram;;MijnGS1;
8720387440191;ACTIVE;Vrouwelijke Hygiëne – Handdoekjes/Maandverbanden;Ja;Doos;België;;;Bnatural;;;;;MijnGS1;
8720387440191;ACTIVE;Vrouwelijke Hygiëne – Handdoekjes/Maandverbanden;Ja;Doos;Europese Unie;;;Bnatural;;;;;MijnGS1;
8720387440191;ACTIVE;Vrouwelijke Hygiëne – Handdoekjes/Maandverbanden;Ja;Doos;Frankrijk;;;Bnatural;;;;;MijnGS1;
8720387440191;ACTIVE;Vrouwelijke Hygiëne – Handdoekjes/Maandverbanden;Ja;Doos;Duitsland;;;Bnatural;;;;;MijnGS1;
8720387440191;ACTIVE;Vrouwelijke Hygiëne – Handdoekjes/Maandverbanden;Ja;Doos;Nederland;;;Bnatural;;;;;MijnGS1;
8720387440191;ACTIVE;Vrouwelijke Hygiëne – Handdoekjes/Maandverbanden;Ja;Doos;Spanje;;;Bnatural;;;;;MijnGS1;
8720387440207;ACTIVE;Vrouwelijke Hygiëne – Handdoekjes/Maandverbanden;Ja;Doos;Global Market;Period Menstrual Panties Green 2XL;Engels;Bnatural;;40;Gram;;MijnGS1;
8720387440207;ACTIVE;Vrouwelijke Hygiëne – Handdoekjes/Maandverbanden;Ja;Doos;België;;;Bnatural;;;;;MijnGS1;
8720387440207;ACTIVE;Vrouwelijke Hygiëne – Handdoekjes/Maandverbanden;Ja;Doos;Europese Unie;;;Bnatural;;;;;MijnGS1;
8720387440207;ACTIVE;Vrouwelijke Hygiëne – Handdoekjes/Maandverbanden;Ja;Doos;Frankrijk;;;Bnatural;;;;;MijnGS1;
8720387440207;ACTIVE;Vrouwelijke Hygiëne – Handdoekjes/Maandverbanden;Ja;Doos;Duitsland;;;Bnatural;;;;;MijnGS1;
8720387440207;ACTIVE;Vrouwelijke Hygiëne – Handdoekjes/Maandverbanden;Ja;Doos;Nederland;;;Bnatural;;;;;MijnGS1;
8720387440207;ACTIVE;Vrouwelijke Hygiëne – Handdoekjes/Maandverbanden;Ja;Doos;Spanje;;;Bnatural;;;;;MijnGS1;
8720387440214;ACTIVE;Vrouwelijke Hygiëne – Handdoekjes/Maandverbanden;Ja;Doos;Global Market;Period Menstrual Panties Red S;Engels;Bnatural;;40;Gram;;MijnGS1;
8720387440214;ACTIVE;Vrouwelijke Hygiëne – Handdoekjes/Maandverbanden;Ja;Doos;België;;;Bnatural;;;;;MijnGS1;
8720387440214;ACTIVE;Vrouwelijke Hygiëne – Handdoekjes/Maandverbanden;Ja;Doos;Europese Unie;;;Bnatural;;;;;MijnGS1;
8720387440214;ACTIVE;Vrouwelijke Hygiëne – Handdoekjes/Maandverbanden;Ja;Doos;Frankrijk;;;Bnatural;;;;;MijnGS1;
8720387440214;ACTIVE;Vrouwelijke Hygiëne – Handdoekjes/Maandverbanden;Ja;Doos;Duitsland;;;Bnatural;;;;;MijnGS1;
8720387440214;ACTIVE;Vrouwelijke Hygiëne – Handdoekjes/Maandverbanden;Ja;Doos;Nederland;;;Bnatural;;;;;MijnGS1;
8720387440214;ACTIVE;Vrouwelijke Hygiëne – Handdoekjes/Maandverbanden;Ja;Doos;Spanje;;;Bnatural;;;;;MijnGS1;
8720387440221;ACTIVE;Vrouwelijke Hygiëne – Handdoekjes/Maandverbanden;Ja;Doos;Global Market;Period Menstrual Panties Red M;Engels;Bnatural;;40;Gram;;MijnGS1;
8720387440221;ACTIVE;Vrouwelijke Hygiëne – Handdoekjes/Maandverbanden;Ja;Doos;België;;;Bnatural;;;;;MijnGS1;
8720387440221;ACTIVE;Vrouwelijke Hygiëne – Handdoekjes/Maandverbanden;Ja;Doos;Europese Unie;;;Bnatural;;;;;MijnGS1;
8720387440221;ACTIVE;Vrouwelijke Hygiëne – Handdoekjes/Maandverbanden;Ja;Doos;Frankrijk;;;Bnatural;;;;;MijnGS1;
8720387440221;ACTIVE;Vrouwelijke Hygiëne – Handdoekjes/Maandverbanden;Ja;Doos;Duitsland;;;Bnatural;;;;;MijnGS1;
8720387440221;ACTIVE;Vrouwelijke Hygiëne – Handdoekjes/Maandverbanden;Ja;Doos;Nederland;;;Bnatural;;;;;MijnGS1;
8720387440221;ACTIVE;Vrouwelijke Hygiëne – Handdoekjes/Maandverbanden;Ja;Doos;Spanje;;;Bnatural;;;;;MijnGS1;
8720387440238;ACTIVE;Vrouwelijke Hygiëne – Handdoekjes/Maandverbanden;Ja;Doos;Global Market;Period Menstrual Panties Red L;Engels;Bnatural;;40;Gram;;MijnGS1;
8720387440238;ACTIVE;Vrouwelijke Hygiëne – Handdoekjes/Maandverbanden;Ja;Doos;België;;;Bnatural;;;;;MijnGS1;
8720387440238;ACTIVE;Vrouwelijke Hygiëne – Handdoekjes/Maandverbanden;Ja;Doos;Europese Unie;;;Bnatural;;;;;MijnGS1;
8720387440238;ACTIVE;Vrouwelijke Hygiëne – Handdoekjes/Maandverbanden;Ja;Doos;Frankrijk;;;Bnatural;;;;;MijnGS1;
8720387440238;ACTIVE;Vrouwelijke Hygiëne – Handdoekjes/Maandverbanden;Ja;Doos;Duitsland;;;Bnatural;;;;;MijnGS1;
8720387440238;ACTIVE;Vrouwelijke Hygiëne – Handdoekjes/Maandverbanden;Ja;Doos;Nederland;;;Bnatural;;;;;MijnGS1;
8720387440238;ACTIVE;Vrouwelijke Hygiëne – Handdoekjes/Maandverbanden;Ja;Doos;Spanje;;;Bnatural;;;;;MijnGS1;
8720387440245;ACTIVE;Vrouwelijke Hygiëne – Handdoekjes/Maandverbanden;Ja;Doos;Global Market;Period Menstrual Panties Red XL;Engels;Bnatural;;40;Gram;;MijnGS1;
8720387440245;ACTIVE;Vrouwelijke Hygiëne – Handdoekjes/Maandverbanden;Ja;Doos;België;;;Bnatural;;;;;MijnGS1;
8720387440245;ACTIVE;Vrouwelijke Hygiëne – Handdoekjes/Maandverbanden;Ja;Doos;Europese Unie;;;Bnatural;;;;;MijnGS1;
8720387440245;ACTIVE;Vrouwelijke Hygiëne – Handdoekjes/Maandverbanden;Ja;Doos;Frankrijk;;;Bnatural;;;;;MijnGS1;
8720387440245;ACTIVE;Vrouwelijke Hygiëne – Handdoekjes/Maandverbanden;Ja;Doos;Duitsland;;;Bnatural;;;;;MijnGS1;
8720387440245;ACTIVE;Vrouwelijke Hygiëne – Handdoekjes/Maandverbanden;Ja;Doos;Nederland;;;Bnatural;;;;;MijnGS1;
8720387440245;ACTIVE;Vrouwelijke Hygiëne – Handdoekjes/Maandverbanden;Ja;Doos;Spanje;;;Bnatural;;;;;MijnGS1;
8720387440252;ACTIVE;Vrouwelijke Hygiëne – Handdoekjes/Maandverbanden;Ja;Doos;Global Market;Period Menstrual Panties Red 2XL;Engels;Bnatural;;40;Gram;;MijnGS1;
8720387440252;ACTIVE;Vrouwelijke Hygiëne – Handdoekjes/Maandverbanden;Ja;Doos;België;;;Bnatural;;;;;MijnGS1;
8720387440252;ACTIVE;Vrouwelijke Hygiëne – Handdoekjes/Maandverbanden;Ja;Doos;Europese Unie;;;Bnatural;;;;;MijnGS1;
8720387440252;ACTIVE;Vrouwelijke Hygiëne – Handdoekjes/Maandverbanden;Ja;Doos;Frankrijk;;;Bnatural;;;;;MijnGS1;
8720387440252;ACTIVE;Vrouwelijke Hygiëne – Handdoekjes/Maandverbanden;Ja;Doos;Duitsland;;;Bnatural;;;;;MijnGS1;
8720387440252;ACTIVE;Vrouwelijke Hygiëne – Handdoekjes/Maandverbanden;Ja;Doos;Nederland;;;Bnatural;;;;;MijnGS1;
8720387440252;ACTIVE;Vrouwelijke Hygiëne – Handdoekjes/Maandverbanden;Ja;Doos;Spanje;;;Bnatural;;;;;MijnGS1;
8720387440269;ACTIVE;Vrouwelijke Hygiëne – Inlegkruisjes;Ja;Doos;Global Market;Menstruastie ondergoed Zwart S;Nederlands;Bnatural;;40;Gram;;MijnGS1;
8720387440269;ACTIVE;Vrouwelijke Hygiëne – Inlegkruisjes;Ja;Doos;België;;;Bnatural;;;;;MijnGS1;
8720387440269;ACTIVE;Vrouwelijke Hygiëne – Inlegkruisjes;Ja;Doos;Europese Unie;;;Bnatural;;;;;MijnGS1;
8720387440269;ACTIVE;Vrouwelijke Hygiëne – Inlegkruisjes;Ja;Doos;Frankrijk;;;Bnatural;;;;;MijnGS1;
8720387440269;ACTIVE;Vrouwelijke Hygiëne – Inlegkruisjes;Ja;Doos;Duitsland;;;Bnatural;;;;;MijnGS1;
8720387440269;ACTIVE;Vrouwelijke Hygiëne – Inlegkruisjes;Ja;Doos;Spanje;;;Bnatural;;;;;MijnGS1;
8720387440276;ACTIVE;Vrouwelijke Hygiëne – Inlegkruisjes;Ja;Doos;Global Market;Menstruastie ondergoed Zwart M;Nederlands;Bnatural;;40;Gram;;MijnGS1;
8720387440276;ACTIVE;Vrouwelijke Hygiëne – Inlegkruisjes;Ja;Doos;België;;;Bnatural;;;;;MijnGS1;
8720387440276;ACTIVE;Vrouwelijke Hygiëne – Inlegkruisjes;Ja;Doos;Europese Unie;;;Bnatural;;;;;MijnGS1;
8720387440276;ACTIVE;Vrouwelijke Hygiëne – Inlegkruisjes;Ja;Doos;Frankrijk;;;Bnatural;;;;;MijnGS1;
8720387440276;ACTIVE;Vrouwelijke Hygiëne – Inlegkruisjes;Ja;Doos;Duitsland;;;Bnatural;;;;;MijnGS1;
8720387440276;ACTIVE;Vrouwelijke Hygiëne – Inlegkruisjes;Ja;Doos;Nederland;;;Bnatural;;;;;MijnGS1;
8720387440276;ACTIVE;Vrouwelijke Hygiëne – Inlegkruisjes;Ja;Doos;Spanje;;;Bnatural;;;;;MijnGS1;
8720387440283;ACTIVE;Vrouwelijke Hygiëne – Inlegkruisjes;Ja;;Global Market;Menstruastie ondergoed Zwart L;Nederlands;Bnatural;;40;Gram;;MijnGS1;
8720387440283;ACTIVE;Vrouwelijke Hygiëne – Inlegkruisjes;Ja;;België;;;Bnatural;;;;;MijnGS1;
8720387440283;ACTIVE;Vrouwelijke Hygiëne – Inlegkruisjes;Ja;;Europese Unie;;;Bnatural;;;;;MijnGS1;
8720387440283;ACTIVE;Vrouwelijke Hygiëne – Inlegkruisjes;Ja;;Frankrijk;;;Bnatural;;;;;MijnGS1;
8720387440283;ACTIVE;Vrouwelijke Hygiëne – Inlegkruisjes;Ja;;Duitsland;;;Bnatural;;;;;MijnGS1;
8720387440283;ACTIVE;Vrouwelijke Hygiëne – Inlegkruisjes;Ja;;Nederland;;;Bnatural;;;;;MijnGS1;
8720387440283;ACTIVE;Vrouwelijke Hygiëne – Inlegkruisjes;Ja;;Spanje;;;Bnatural;;;;;MijnGS1;
8720387440290;ACTIVE;Vrouwelijke Hygiëne – Inlegkruisjes;Ja;;Global Market;Menstruastie ondergoed Zwart XL;Nederlands;Bnatural;;40;Gram;;MijnGS1;
8720387440290;ACTIVE;Vrouwelijke Hygiëne – Inlegkruisjes;Ja;;België;;;Bnatural;;;;;MijnGS1;
8720387440290;ACTIVE;Vrouwelijke Hygiëne – Inlegkruisjes;Ja;;Europese Unie;;;Bnatural;;;;;MijnGS1;
8720387440290;ACTIVE;Vrouwelijke Hygiëne – Inlegkruisjes;Ja;;Frankrijk;;;Bnatural;;;;;MijnGS1;
8720387440290;ACTIVE;Vrouwelijke Hygiëne – Inlegkruisjes;Ja;;Duitsland;;;Bnatural;;;;;MijnGS1;
8720387440290;ACTIVE;Vrouwelijke Hygiëne – Inlegkruisjes;Ja;;Nederland;;;Bnatural;;;;;MijnGS1;
8720387440290;ACTIVE;Vrouwelijke Hygiëne – Inlegkruisjes;Ja;;Spanje;;;Bnatural;;;;;MijnGS1;
8720387440306;ACTIVE;Vrouwelijke Hygiëne – Inlegkruisjes;Ja;;Global Market;Menstruastie ondergoed Zwart 2XL;Nederlands;Bnatural;;40;Gram;;MijnGS1;
8720387440306;ACTIVE;Vrouwelijke Hygiëne – Inlegkruisjes;Ja;;België;;;Bnatural;;;;;MijnGS1;
8720387440306;ACTIVE;Vrouwelijke Hygiëne – Inlegkruisjes;Ja;;Europese Unie;;;Bnatural;;;;;MijnGS1;
8720387440306;ACTIVE;Vrouwelijke Hygiëne – Inlegkruisjes;Ja;;Frankrijk;;;Bnatural;;;;;MijnGS1;
8720387440306;ACTIVE;Vrouwelijke Hygiëne – Inlegkruisjes;Ja;;Duitsland;;;Bnatural;;;;;MijnGS1;
8720387440306;ACTIVE;Vrouwelijke Hygiëne – Inlegkruisjes;Ja;;Nederland;;;Bnatural;;;;;MijnGS1;
8720387440306;ACTIVE;Vrouwelijke Hygiëne – Inlegkruisjes;Ja;;Spanje;;;Bnatural;;;;;MijnGS1;
8720387440313;ACTIVE;Vrouwelijke Hygiëne – Handdoekjes/Maandverbanden;Ja;;Global Market;Period Menstrual Thong Black S;Engels;Bnatural;;40;Gram;;MijnGS1;
8720387440313;ACTIVE;Vrouwelijke Hygiëne – Handdoekjes/Maandverbanden;Ja;;België;;;Bnatural;;;;;MijnGS1;
8720387440313;ACTIVE;Vrouwelijke Hygiëne – Handdoekjes/Maandverbanden;Ja;;Europese Unie;;;Bnatural;;;;;MijnGS1;
8720387440313;ACTIVE;Vrouwelijke Hygiëne – Handdoekjes/Maandverbanden;Ja;;Frankrijk;;;Bnatural;;;;;MijnGS1;
8720387440313;ACTIVE;Vrouwelijke Hygiëne – Handdoekjes/Maandverbanden;Ja;;Duitsland;;;Bnatural;;;;;MijnGS1;
8720387440313;ACTIVE;Vrouwelijke Hygiëne – Handdoekjes/Maandverbanden;Ja;;Nederland;;;Bnatural;;;;;MijnGS1;
8720387440313;ACTIVE;Vrouwelijke Hygiëne – Handdoekjes/Maandverbanden;Ja;;Spanje;;;Bnatural;;;;;MijnGS1;
8720387440320;ACTIVE;Vrouwelijke Hygiëne – Handdoekjes/Maandverbanden;Ja;;Global Market;Period Menstrual Thong Black M;Engels;Bnatural;;40;Gram;;MijnGS1;
8720387440320;ACTIVE;Vrouwelijke Hygiëne – Handdoekjes/Maandverbanden;Ja;;België;;;Bnatural;;;;;MijnGS1;
8720387440320;ACTIVE;Vrouwelijke Hygiëne – Handdoekjes/Maandverbanden;Ja;;Europese Unie;;;Bnatural;;;;;MijnGS1;
8720387440320;ACTIVE;Vrouwelijke Hygiëne – Handdoekjes/Maandverbanden;Ja;;Frankrijk;;;Bnatural;;;;;MijnGS1;
8720387440320;ACTIVE;Vrouwelijke Hygiëne – Handdoekjes/Maandverbanden;Ja;;Duitsland;;;Bnatural;;;;;MijnGS1;
8720387440320;ACTIVE;Vrouwelijke Hygiëne – Handdoekjes/Maandverbanden;Ja;;Nederland;;;Bnatural;;;;;MijnGS1;
8720387440320;ACTIVE;Vrouwelijke Hygiëne – Handdoekjes/Maandverbanden;Ja;;Spanje;;;Bnatural;;;;;MijnGS1;
8720387440337;ACTIVE;Vrouwelijke Hygiëne – Handdoekjes/Maandverbanden;Ja;;Global Market;Period Menstrual Thong Black L;Engels;Bnatural;;40;Gram;;MijnGS1;
8720387440337;ACTIVE;Vrouwelijke Hygiëne – Handdoekjes/Maandverbanden;Ja;;België;;;Bnatural;;;;;MijnGS1;
8720387440337;ACTIVE;Vrouwelijke Hygiëne – Handdoekjes/Maandverbanden;Ja;;Europese Unie;;;Bnatural;;;;;MijnGS1;
8720387440337;ACTIVE;Vrouwelijke Hygiëne – Handdoekjes/Maandverbanden;Ja;;Frankrijk;;;Bnatural;;;;;MijnGS1;
8720387440337;ACTIVE;Vrouwelijke Hygiëne – Handdoekjes/Maandverbanden;Ja;;Duitsland;;;Bnatural;;;;;MijnGS1;
8720387440337;ACTIVE;Vrouwelijke Hygiëne – Handdoekjes/Maandverbanden;Ja;;Nederland;;;Bnatural;;;;;MijnGS1;
8720387440337;ACTIVE;Vrouwelijke Hygiëne – Handdoekjes/Maandverbanden;Ja;;Spanje;;;Bnatural;;;;;MijnGS1;
8720387440344;ACTIVE;Vrouwelijke Hygiëne – Handdoekjes/Maandverbanden;Ja;;Global Market;Period Menstrual Thong Black XL;Engels;Bnatural;;40;Gram;;MijnGS1;
8720387440344;ACTIVE;Vrouwelijke Hygiëne – Handdoekjes/Maandverbanden;Ja;;België;;;Bnatural;;;;;MijnGS1;
8720387440344;ACTIVE;Vrouwelijke Hygiëne – Handdoekjes/Maandverbanden;Ja;;Europese Unie;;;Bnatural;;;;;MijnGS1;
8720387440344;ACTIVE;Vrouwelijke Hygiëne – Handdoekjes/Maandverbanden;Ja;;Frankrijk;;;Bnatural;;;;;MijnGS1;
8720387440344;ACTIVE;Vrouwelijke Hygiëne – Handdoekjes/Maandverbanden;Ja;;Duitsland;;;Bnatural;;;;;MijnGS1;
8720387440344;ACTIVE;Vrouwelijke Hygiëne – Handdoekjes/Maandverbanden;Ja;;Nederland;;;Bnatural;;;;;MijnGS1;
8720387440344;ACTIVE;Vrouwelijke Hygiëne – Handdoekjes/Maandverbanden;Ja;;Spanje;;;Bnatural;;;;;MijnGS1;
8720387440351;ACTIVE;Vrouwelijke Hygiëne – Handdoekjes/Maandverbanden;Ja;;Global Market;Period Menstrual Thong Black 2XL;Engels;Bnatural;;40;Gram;;MijnGS1;
8720387440351;ACTIVE;Vrouwelijke Hygiëne – Handdoekjes/Maandverbanden;Ja;;België;;;Bnatural;;;;;MijnGS1;
8720387440351;ACTIVE;Vrouwelijke Hygiëne – Handdoekjes/Maandverbanden;Ja;;Europese Unie;;;Bnatural;;;;;MijnGS1;
8720387440351;ACTIVE;Vrouwelijke Hygiëne – Handdoekjes/Maandverbanden;Ja;;Frankrijk;;;Bnatural;;;;;MijnGS1;
8720387440351;ACTIVE;Vrouwelijke Hygiëne – Handdoekjes/Maandverbanden;Ja;;Duitsland;;;Bnatural;;;;;MijnGS1;
8720387440351;ACTIVE;Vrouwelijke Hygiëne – Handdoekjes/Maandverbanden;Ja;;Nederland;;;Bnatural;;;;;MijnGS1;
8720387440351;ACTIVE;Vrouwelijke Hygiëne – Handdoekjes/Maandverbanden;Ja;;Spanje;;;Bnatural;;;;;MijnGS1;
8720387440368;ACTIVE;Vrouwelijke Hygiëne – Handdoekjes/Maandverbanden;Ja;;Global Market;Period Menstrual Thong Green S;Engels;Bnatural;;40;Gram;;MijnGS1;
8720387440368;ACTIVE;Vrouwelijke Hygiëne – Handdoekjes/Maandverbanden;Ja;;België;;;Bnatural;;;;;MijnGS1;
8720387440368;ACTIVE;Vrouwelijke Hygiëne – Handdoekjes/Maandverbanden;Ja;;Europese Unie;;;Bnatural;;;;;MijnGS1;
8720387440368;ACTIVE;Vrouwelijke Hygiëne – Handdoekjes/Maandverbanden;Ja;;Frankrijk;;;Bnatural;;;;;MijnGS1;
8720387440368;ACTIVE;Vrouwelijke Hygiëne – Handdoekjes/Maandverbanden;Ja;;Duitsland;;;Bnatural;;;;;MijnGS1;
8720387440368;ACTIVE;Vrouwelijke Hygiëne – Handdoekjes/Maandverbanden;Ja;;Nederland;;;Bnatural;;;;;MijnGS1;
8720387440368;ACTIVE;Vrouwelijke Hygiëne – Handdoekjes/Maandverbanden;Ja;;Spanje;;;Bnatural;;;;;MijnGS1;
8720387440375;ACTIVE;Vrouwelijke Hygiëne – Handdoekjes/Maandverbanden;Ja;;Global Market;Period Menstrual Thong Green M;Engels;Bnatural;;40;Gram;;MijnGS1;
8720387440375;ACTIVE;Vrouwelijke Hygiëne – Handdoekjes/Maandverbanden;Ja;;België;;;Bnatural;;;;;MijnGS1;
8720387440375;ACTIVE;Vrouwelijke Hygiëne – Handdoekjes/Maandverbanden;Ja;;Europese Unie;;;Bnatural;;;;;MijnGS1;
8720387440375;ACTIVE;Vrouwelijke Hygiëne – Handdoekjes/Maandverbanden;Ja;;Frankrijk;;;Bnatural;;;;;MijnGS1;
8720387440375;ACTIVE;Vrouwelijke Hygiëne – Handdoekjes/Maandverbanden;Ja;;Duitsland;;;Bnatural;;;;;MijnGS1;
8720387440375;ACTIVE;Vrouwelijke Hygiëne – Handdoekjes/Maandverbanden;Ja;;Nederland;;;Bnatural;;;;;MijnGS1;
8720387440375;ACTIVE;Vrouwelijke Hygiëne – Handdoekjes/Maandverbanden;Ja;;Spanje;;;Bnatural;;;;;MijnGS1;
8720387440382;ACTIVE;Vrouwelijke Hygiëne – Handdoekjes/Maandverbanden;Ja;;Global Market;Period Menstrual Thong Green L;Engels;Bnatural;;40;Gram;;MijnGS1;
8720387440382;ACTIVE;Vrouwelijke Hygiëne – Handdoekjes/Maandverbanden;Ja;;België;;;Bnatural;;;;;MijnGS1;
8720387440382;ACTIVE;Vrouwelijke Hygiëne – Handdoekjes/Maandverbanden;Ja;;Europese Unie;;;Bnatural;;;;;MijnGS1;
8720387440382;ACTIVE;Vrouwelijke Hygiëne – Handdoekjes/Maandverbanden;Ja;;Frankrijk;;;Bnatural;;;;;MijnGS1;
8720387440382;ACTIVE;Vrouwelijke Hygiëne – Handdoekjes/Maandverbanden;Ja;;Duitsland;;;Bnatural;;;;;MijnGS1;
8720387440382;ACTIVE;Vrouwelijke Hygiëne – Handdoekjes/Maandverbanden;Ja;;Nederland;;;Bnatural;;;;;MijnGS1;
8720387440382;ACTIVE;Vrouwelijke Hygiëne – Handdoekjes/Maandverbanden;Ja;;Spanje;;;Bnatural;;;;;MijnGS1;
8720387440399;ACTIVE;Vrouwelijke Hygiëne – Handdoekjes/Maandverbanden;Ja;;Global Market;Period Menstrual Thong Green XL;Engels;Bnatural;;40;Gram;;MijnGS1;
8720387440399;ACTIVE;Vrouwelijke Hygiëne – Handdoekjes/Maandverbanden;Ja;;België;;;Bnatural;;;;;MijnGS1;
8720387440399;ACTIVE;Vrouwelijke Hygiëne – Handdoekjes/Maandverbanden;Ja;;Europese Unie;;;Bnatural;;;;;MijnGS1;
8720387440399;ACTIVE;Vrouwelijke Hygiëne – Handdoekjes/Maandverbanden;Ja;;Frankrijk;;;Bnatural;;;;;MijnGS1;
8720387440399;ACTIVE;Vrouwelijke Hygiëne – Handdoekjes/Maandverbanden;Ja;;Duitsland;;;Bnatural;;;;;MijnGS1;
8720387440399;ACTIVE;Vrouwelijke Hygiëne – Handdoekjes/Maandverbanden;Ja;;Nederland;;;Bnatural;;;;;MijnGS1;
8720387440399;ACTIVE;Vrouwelijke Hygiëne – Handdoekjes/Maandverbanden;Ja;;Spanje;;;Bnatural;;;;;MijnGS1;
8720387440405;ACTIVE;Vrouwelijke Hygiëne – Handdoekjes/Maandverbanden;Ja;;Global Market;Period Menstrual Thong Green 2XL;Engels;Bnatural;;40;Gram;;MijnGS1;
8720387440405;ACTIVE;Vrouwelijke Hygiëne – Handdoekjes/Maandverbanden;Ja;;België;;;Bnatural;;;;;MijnGS1;
8720387440405;ACTIVE;Vrouwelijke Hygiëne – Handdoekjes/Maandverbanden;Ja;;Europese Unie;;;Bnatural;;;;;MijnGS1;
8720387440405;ACTIVE;Vrouwelijke Hygiëne – Handdoekjes/Maandverbanden;Ja;;Frankrijk;;;Bnatural;;;;;MijnGS1;
8720387440405;ACTIVE;Vrouwelijke Hygiëne – Handdoekjes/Maandverbanden;Ja;;Duitsland;;;Bnatural;;;;;MijnGS1;
8720387440405;ACTIVE;Vrouwelijke Hygiëne – Handdoekjes/Maandverbanden;Ja;;Nederland;;;Bnatural;;;;;MijnGS1;
8720387440405;ACTIVE;Vrouwelijke Hygiëne – Handdoekjes/Maandverbanden;Ja;;Spanje;;;Bnatural;;;;;MijnGS1;
8720387440412;ACTIVE;Vrouwelijke Hygiëne – Handdoekjes/Maandverbanden;Ja;;Global Market;Period Menstrual Thong Red S;Engels;Bnatural;;40;Gram;;MijnGS1;
8720387440412;ACTIVE;Vrouwelijke Hygiëne – Handdoekjes/Maandverbanden;Ja;;België;;;Bnatural;;;;;MijnGS1;
8720387440412;ACTIVE;Vrouwelijke Hygiëne – Handdoekjes/Maandverbanden;Ja;;Europese Unie;;;Bnatural;;;;;MijnGS1;
8720387440412;ACTIVE;Vrouwelijke Hygiëne – Handdoekjes/Maandverbanden;Ja;;Frankrijk;;;Bnatural;;;;;MijnGS1;
8720387440412;ACTIVE;Vrouwelijke Hygiëne – Handdoekjes/Maandverbanden;Ja;;Duitsland;;;Bnatural;;;;;MijnGS1;
8720387440412;ACTIVE;Vrouwelijke Hygiëne – Handdoekjes/Maandverbanden;Ja;;Nederland;;;Bnatural;;;;;MijnGS1;
8720387440412;ACTIVE;Vrouwelijke Hygiëne – Handdoekjes/Maandverbanden;Ja;;Spanje;;;Bnatural;;;;;MijnGS1;
8720387440429;ACTIVE;Vrouwelijke Hygiëne – Handdoekjes/Maandverbanden;Ja;;Global Market;Period Menstrual Thong Red M;Engels;Bnatural;;40;Gram;;MijnGS1;
8720387440429;ACTIVE;Vrouwelijke Hygiëne – Handdoekjes/Maandverbanden;Ja;;België;;;Bnatural;;;;;MijnGS1;
8720387440429;ACTIVE;Vrouwelijke Hygiëne – Handdoekjes/Maandverbanden;Ja;;Europese Unie;;;Bnatural;;;;;MijnGS1;
8720387440429;ACTIVE;Vrouwelijke Hygiëne – Handdoekjes/Maandverbanden;Ja;;Frankrijk;;;Bnatural;;;;;MijnGS1;
8720387440429;ACTIVE;Vrouwelijke Hygiëne – Handdoekjes/Maandverbanden;Ja;;Duitsland;;;Bnatural;;;;;MijnGS1;
8720387440429;ACTIVE;Vrouwelijke Hygiëne – Handdoekjes/Maandverbanden;Ja;;Nederland;;;Bnatural;;;;;MijnGS1;
8720387440429;ACTIVE;Vrouwelijke Hygiëne – Handdoekjes/Maandverbanden;Ja;;Spanje;;;Bnatural;;;;;MijnGS1;
8720387440436;ACTIVE;Vrouwelijke Hygiëne – Handdoekjes/Maandverbanden;Ja;;Global Market;Period Menstrual Thong Red L;Engels;Bnatural;;40;Gram;;MijnGS1;
8720387440436;ACTIVE;Vrouwelijke Hygiëne – Handdoekjes/Maandverbanden;Ja;;België;;;Bnatural;;;;;MijnGS1;
8720387440436;ACTIVE;Vrouwelijke Hygiëne – Handdoekjes/Maandverbanden;Ja;;Europese Unie;;;Bnatural;;;;;MijnGS1;
8720387440436;ACTIVE;Vrouwelijke Hygiëne – Handdoekjes/Maandverbanden;Ja;;Frankrijk;;;Bnatural;;;;;MijnGS1;
8720387440436;ACTIVE;Vrouwelijke Hygiëne – Handdoekjes/Maandverbanden;Ja;;Duitsland;;;Bnatural;;;;;MijnGS1;
8720387440436;ACTIVE;Vrouwelijke Hygiëne – Handdoekjes/Maandverbanden;Ja;;Nederland;;;Bnatural;;;;;MijnGS1;
8720387440436;ACTIVE;Vrouwelijke Hygiëne – Handdoekjes/Maandverbanden;Ja;;Spanje;;;Bnatural;;;;;MijnGS1;
8720387440443;ACTIVE;Vrouwelijke Hygiëne – Handdoekjes/Maandverbanden;Ja;;Global Market;Period Menstrual Thong Red XL;Engels;Bnatural;;40;Gram;;MijnGS1;
8720387440443;ACTIVE;Vrouwelijke Hygiëne – Handdoekjes/Maandverbanden;Ja;;België;;;Bnatural;;;;;MijnGS1;
8720387440443;ACTIVE;Vrouwelijke Hygiëne – Handdoekjes/Maandverbanden;Ja;;Europese Unie;;;Bnatural;;;;;MijnGS1;
8720387440443;ACTIVE;Vrouwelijke Hygiëne – Handdoekjes/Maandverbanden;Ja;;Frankrijk;;;Bnatural;;;;;MijnGS1;
8720387440443;ACTIVE;Vrouwelijke Hygiëne – Handdoekjes/Maandverbanden;Ja;;Duitsland;;;Bnatural;;;;;MijnGS1;
8720387440443;ACTIVE;Vrouwelijke Hygiëne – Handdoekjes/Maandverbanden;Ja;;Nederland;;;Bnatural;;;;;MijnGS1;
8720387440443;ACTIVE;Vrouwelijke Hygiëne – Handdoekjes/Maandverbanden;Ja;;Spanje;;;Bnatural;;;;;MijnGS1;
8720387440450;ACTIVE;Vrouwelijke Hygiëne – Handdoekjes/Maandverbanden;Ja;;Global Market;Period Menstrual Thong Red 2XL;Engels;Bnatural;;40;Gram;;MijnGS1;
8720387440450;ACTIVE;Vrouwelijke Hygiëne – Handdoekjes/Maandverbanden;Ja;;België;;;Bnatural;;;;;MijnGS1;
8720387440450;ACTIVE;Vrouwelijke Hygiëne – Handdoekjes/Maandverbanden;Ja;;Europese Unie;;;Bnatural;;;;;MijnGS1;
8720387440450;ACTIVE;Vrouwelijke Hygiëne – Handdoekjes/Maandverbanden;Ja;;Frankrijk;;;Bnatural;;;;;MijnGS1;
8720387440450;ACTIVE;Vrouwelijke Hygiëne – Handdoekjes/Maandverbanden;Ja;;Duitsland;;;Bnatural;;;;;MijnGS1;
8720387440450;ACTIVE;Vrouwelijke Hygiëne – Handdoekjes/Maandverbanden;Ja;;Nederland;;;Bnatural;;;;;MijnGS1;
8720387440450;ACTIVE;Vrouwelijke Hygiëne – Handdoekjes/Maandverbanden;Ja;;Spanje;;;Bnatural;;;;;MijnGS1;
8720387440467;ACTIVE;Vrouwelijke Hygiëne – Handdoekjes/Maandverbanden;Ja;;Global Market;Period Menstrual Shorts S;Engels;Bnatural;;80;Gram;;MijnGS1;
8720387440467;ACTIVE;Vrouwelijke Hygiëne – Handdoekjes/Maandverbanden;Ja;;België;;;Bnatural;;;;;MijnGS1;
8720387440467;ACTIVE;Vrouwelijke Hygiëne – Handdoekjes/Maandverbanden;Ja;;Europese Unie;;;Bnatural;;;;;MijnGS1;
8720387440467;ACTIVE;Vrouwelijke Hygiëne – Handdoekjes/Maandverbanden;Ja;;Frankrijk;;;Bnatural;;;;;MijnGS1;
8720387440467;ACTIVE;Vrouwelijke Hygiëne – Handdoekjes/Maandverbanden;Ja;;Duitsland;;;Bnatural;;;;;MijnGS1;
8720387440467;ACTIVE;Vrouwelijke Hygiëne – Handdoekjes/Maandverbanden;Ja;;Nederland;;;Bnatural;;;;;MijnGS1;
8720387440467;ACTIVE;Vrouwelijke Hygiëne – Handdoekjes/Maandverbanden;Ja;;Spanje;;;Bnatural;;;;;MijnGS1;
8720387440474;ACTIVE;Vrouwelijke Hygiëne – Handdoekjes/Maandverbanden;Ja;;Global Market;Period Menstrual Shorts M;Engels;Bnatural;;80;Gram;;MijnGS1;
8720387440474;ACTIVE;Vrouwelijke Hygiëne – Handdoekjes/Maandverbanden;Ja;;België;;;Bnatural;;;;;MijnGS1;
8720387440474;ACTIVE;Vrouwelijke Hygiëne – Handdoekjes/Maandverbanden;Ja;;Europese Unie;;;Bnatural;;;;;MijnGS1;
8720387440474;ACTIVE;Vrouwelijke Hygiëne – Handdoekjes/Maandverbanden;Ja;;Frankrijk;;;Bnatural;;;;;MijnGS1;
8720387440474;ACTIVE;Vrouwelijke Hygiëne – Handdoekjes/Maandverbanden;Ja;;Duitsland;;;Bnatural;;;;;MijnGS1;
8720387440474;ACTIVE;Vrouwelijke Hygiëne – Handdoekjes/Maandverbanden;Ja;;Nederland;;;Bnatural;;;;;MijnGS1;
8720387440474;ACTIVE;Vrouwelijke Hygiëne – Handdoekjes/Maandverbanden;Ja;;Spanje;;;Bnatural;;;;;MijnGS1;
8720387440481;ACTIVE;Vrouwelijke Hygiëne – Handdoekjes/Maandverbanden;Ja;;Global Market;Period Menstrual Shorts L;Engels;Bnatural;;80;Gram;;MijnGS1;
8720387440481;ACTIVE;Vrouwelijke Hygiëne – Handdoekjes/Maandverbanden;Ja;;België;;;Bnatural;;;;;MijnGS1;
8720387440481;ACTIVE;Vrouwelijke Hygiëne – Handdoekjes/Maandverbanden;Ja;;Europese Unie;;;Bnatural;;;;;MijnGS1;
8720387440481;ACTIVE;Vrouwelijke Hygiëne – Handdoekjes/Maandverbanden;Ja;;Frankrijk;;;Bnatural;;;;;MijnGS1;
8720387440481;ACTIVE;Vrouwelijke Hygiëne – Handdoekjes/Maandverbanden;Ja;;Duitsland;;;Bnatural;;;;;MijnGS1;
8720387440481;ACTIVE;Vrouwelijke Hygiëne – Handdoekjes/Maandverbanden;Ja;;Nederland;;;Bnatural;;;;;MijnGS1;
8720387440481;ACTIVE;Vrouwelijke Hygiëne – Handdoekjes/Maandverbanden;Ja;;Spanje;;;Bnatural;;;;;MijnGS1;
8720387440498;ACTIVE;Vrouwelijke Hygiëne – Handdoekjes/Maandverbanden;Ja;;Global Market;Period Menstrual Shorts XL;Engels;Bnatural;;80;Gram;;MijnGS1;
8720387440498;ACTIVE;Vrouwelijke Hygiëne – Handdoekjes/Maandverbanden;Ja;;België;;;Bnatural;;;;;MijnGS1;
8720387440498;ACTIVE;Vrouwelijke Hygiëne – Handdoekjes/Maandverbanden;Ja;;Europese Unie;;;Bnatural;;;;;MijnGS1;
8720387440498;ACTIVE;Vrouwelijke Hygiëne – Handdoekjes/Maandverbanden;Ja;;Frankrijk;;;Bnatural;;;;;MijnGS1;
8720387440498;ACTIVE;Vrouwelijke Hygiëne – Handdoekjes/Maandverbanden;Ja;;Duitsland;;;Bnatural;;;;;MijnGS1;
8720387440498;ACTIVE;Vrouwelijke Hygiëne – Handdoekjes/Maandverbanden;Ja;;Nederland;;;Bnatural;;;;;MijnGS1;
8720387440498;ACTIVE;Vrouwelijke Hygiëne – Handdoekjes/Maandverbanden;Ja;;Spanje;;;Bnatural;;;;;MijnGS1;
8720387440504;ACTIVE;Vrouwelijke Hygiëne – Handdoekjes/Maandverbanden;Ja;;Global Market;Period Menstrual Shorts 2XL;Engels;Bnatural;;80;Gram;;MijnGS1;
8720387440504;ACTIVE;Vrouwelijke Hygiëne – Handdoekjes/Maandverbanden;Ja;;België;;;Bnatural;;;;;MijnGS1;
8720387440504;ACTIVE;Vrouwelijke Hygiëne – Handdoekjes/Maandverbanden;Ja;;Europese Unie;;;Bnatural;;;;;MijnGS1;
8720387440504;ACTIVE;Vrouwelijke Hygiëne – Handdoekjes/Maandverbanden;Ja;;Frankrijk;;;Bnatural;;;;;MijnGS1;
8720387440504;ACTIVE;Vrouwelijke Hygiëne – Handdoekjes/Maandverbanden;Ja;;Duitsland;;;Bnatural;;;;;MijnGS1;
8720387440504;ACTIVE;Vrouwelijke Hygiëne – Handdoekjes/Maandverbanden;Ja;;Nederland;;;Bnatural;;;;;MijnGS1;
8720387440504;ACTIVE;Vrouwelijke Hygiëne – Handdoekjes/Maandverbanden;Ja;;Spanje;;;Bnatural;;;;;MijnGS1;
8720387440511;ACTIVE;Vrouwelijke Hygiëne – Inlegkruisjes;Ja;;Global Market;Period Menstrual Leopard S;Engels;Bnatural;;40;Gram;;MijnGS1;
8720387440511;ACTIVE;Vrouwelijke Hygiëne – Inlegkruisjes;Ja;;België;;;Bnatural;;;;;MijnGS1;
8720387440511;ACTIVE;Vrouwelijke Hygiëne – Inlegkruisjes;Ja;;Europese Unie;;;Bnatural;;;;;MijnGS1;
8720387440511;ACTIVE;Vrouwelijke Hygiëne – Inlegkruisjes;Ja;;Frankrijk;;;Bnatural;;;;;MijnGS1;
8720387440511;ACTIVE;Vrouwelijke Hygiëne – Inlegkruisjes;Ja;;Duitsland;;;Bnatural;;;;;MijnGS1;
8720387440511;ACTIVE;Vrouwelijke Hygiëne – Inlegkruisjes;Ja;;Nederland;;;Bnatural;;;;;MijnGS1;
8720387440511;ACTIVE;Vrouwelijke Hygiëne – Inlegkruisjes;Ja;;Spanje;;;Bnatural;;;;;MijnGS1;
8720387440528;ACTIVE;Vrouwelijke Hygiëne – Inlegkruisjes;Ja;;Global Market;Period Menstrual Leopard M;Engels;Bnatural;;40;Gram;;MijnGS1;
8720387440528;ACTIVE;Vrouwelijke Hygiëne – Inlegkruisjes;Ja;;België;;;Bnatural;;;;;MijnGS1;
8720387440528;ACTIVE;Vrouwelijke Hygiëne – Inlegkruisjes;Ja;;Europese Unie;;;Bnatural;;;;;MijnGS1;
8720387440528;ACTIVE;Vrouwelijke Hygiëne – Inlegkruisjes;Ja;;Frankrijk;;;Bnatural;;;;;MijnGS1;
8720387440528;ACTIVE;Vrouwelijke Hygiëne – Inlegkruisjes;Ja;;Duitsland;;;Bnatural;;;;;MijnGS1;
8720387440528;ACTIVE;Vrouwelijke Hygiëne – Inlegkruisjes;Ja;;Nederland;;;Bnatural;;;;;MijnGS1;
8720387440528;ACTIVE;Vrouwelijke Hygiëne – Inlegkruisjes;Ja;;Spanje;;;Bnatural;;;;;MijnGS1;
8720387440535;ACTIVE;Vrouwelijke Hygiëne – Inlegkruisjes;Ja;;Global Market;Period Menstrual Leopard L;Engels;Bnatural;;40;Gram;;MijnGS1;
8720387440535;ACTIVE;Vrouwelijke Hygiëne – Inlegkruisjes;Ja;;België;;;Bnatural;;;;;MijnGS1;
8720387440535;ACTIVE;Vrouwelijke Hygiëne – Inlegkruisjes;Ja;;Europese Unie;;;Bnatural;;;;;MijnGS1;
8720387440535;ACTIVE;Vrouwelijke Hygiëne – Inlegkruisjes;Ja;;Frankrijk;;;Bnatural;;;;;MijnGS1;
8720387440535;ACTIVE;Vrouwelijke Hygiëne – Inlegkruisjes;Ja;;Duitsland;;;Bnatural;;;;;MijnGS1;
8720387440535;ACTIVE;Vrouwelijke Hygiëne – Inlegkruisjes;Ja;;Nederland;;;Bnatural;;;;;MijnGS1;
8720387440535;ACTIVE;Vrouwelijke Hygiëne – Inlegkruisjes;Ja;;Spanje;;;Bnatural;;;;;MijnGS1;
8720387440542;ACTIVE;Vrouwelijke Hygiëne – Inlegkruisjes;Ja;;Global Market;Period Menstrual Leopard XL;Engels;Bnatural;;40;Gram;;MijnGS1;
8720387440542;ACTIVE;Vrouwelijke Hygiëne – Inlegkruisjes;Ja;;België;;;Bnatural;;;;;MijnGS1;
8720387440542;ACTIVE;Vrouwelijke Hygiëne – Inlegkruisjes;Ja;;Europese Unie;;;Bnatural;;;;;MijnGS1;
8720387440542;ACTIVE;Vrouwelijke Hygiëne – Inlegkruisjes;Ja;;Frankrijk;;;Bnatural;;;;;MijnGS1;
8720387440542;ACTIVE;Vrouwelijke Hygiëne – Inlegkruisjes;Ja;;Duitsland;;;Bnatural;;;;;MijnGS1;
8720387440542;ACTIVE;Vrouwelijke Hygiëne – Inlegkruisjes;Ja;;Nederland;;;Bnatural;;;;;MijnGS1;
8720387440542;ACTIVE;Vrouwelijke Hygiëne – Inlegkruisjes;Ja;;Spanje;;;Bnatural;;;;;MijnGS1;
8720387440559;ACTIVE;Vrouwelijke Hygiëne – Inlegkruisjes;Ja;;Global Market;Period Menstrual Leopard 2XL;Engels;Bnatural;;40;Gram;;MijnGS1;
8720387440559;ACTIVE;Vrouwelijke Hygiëne – Inlegkruisjes;Ja;;België;;;Bnatural;;;;;MijnGS1;
8720387440559;ACTIVE;Vrouwelijke Hygiëne – Inlegkruisjes;Ja;;Europese Unie;;;Bnatural;;;;;MijnGS1;
8720387440559;ACTIVE;Vrouwelijke Hygiëne – Inlegkruisjes;Ja;;Frankrijk;;;Bnatural;;;;;MijnGS1;
8720387440559;ACTIVE;Vrouwelijke Hygiëne – Inlegkruisjes;Ja;;Duitsland;;;Bnatural;;;;;MijnGS1;
8720387440559;ACTIVE;Vrouwelijke Hygiëne – Inlegkruisjes;Ja;;Nederland;;;Bnatural;;;;;MijnGS1;
8720387440559;ACTIVE;Vrouwelijke Hygiëne – Inlegkruisjes;Ja;;Spanje;;;Bnatural;;;;;MijnGS1;
8720387440566;ACTIVE;Lichaamsverzorgingsproducten – Assortimenten;Ja;Zak;Global Market;Washing bag for period underwear;Engels;Bnatural;;50;Gram;;MijnGS1;
8720387440566;ACTIVE;Lichaamsverzorgingsproducten – Assortimenten;Ja;Zak;België;;;Bnatural;;;;;MijnGS1;
8720387440566;ACTIVE;Lichaamsverzorgingsproducten – Assortimenten;Ja;Zak;Europese Unie;;;Bnatural;;;;;MijnGS1;
8720387440566;ACTIVE;Lichaamsverzorgingsproducten – Assortimenten;Ja;Zak;Frankrijk;;;Bnatural;;;;;MijnGS1;
8720387440566;ACTIVE;Lichaamsverzorgingsproducten – Assortimenten;Ja;Zak;Duitsland;;;Bnatural;;;;;MijnGS1;
8720387440566;ACTIVE;Lichaamsverzorgingsproducten – Assortimenten;Ja;Zak;Nederland;;;Bnatural;;;;;MijnGS1;
8720387440566;ACTIVE;Lichaamsverzorgingsproducten – Assortimenten;Ja;Zak;Spanje;;;Bnatural;;;;;MijnGS1;
8720387440573;ACTIVE;Vrouwelijke Hygiëne – Handdoekjes/Maandverbanden;Ja;;Global Market;Essential pack S - period underwear;Engels;Bnatural;;;;;MijnGS1;
8720387440573;ACTIVE;Vrouwelijke Hygiëne – Handdoekjes/Maandverbanden;Ja;;België;;;Bnatural;;;;;MijnGS1;
8720387440573;ACTIVE;Vrouwelijke Hygiëne – Handdoekjes/Maandverbanden;Ja;;Europese Unie;;;Bnatural;;;;;MijnGS1;
8720387440573;ACTIVE;Vrouwelijke Hygiëne – Handdoekjes/Maandverbanden;Ja;;Frankrijk;;;Bnatural;;;;;MijnGS1;
8720387440573;ACTIVE;Vrouwelijke Hygiëne – Handdoekjes/Maandverbanden;Ja;;Duitsland;;;Bnatural;;;;;MijnGS1;
8720387440573;ACTIVE;Vrouwelijke Hygiëne – Handdoekjes/Maandverbanden;Ja;;Nederland;;;Bnatural;;;;;MijnGS1;
8720387440573;ACTIVE;Vrouwelijke Hygiëne – Handdoekjes/Maandverbanden;Ja;;Spanje;;;Bnatural;;;;;MijnGS1;
8720387440580;ACTIVE;Vrouwelijke Hygiëne – Handdoekjes/Maandverbanden;Ja;;Global Market;Essential pack M - period underwear;Engels;Bnatural;;;;;MijnGS1;
8720387440580;ACTIVE;Vrouwelijke Hygiëne – Handdoekjes/Maandverbanden;Ja;;België;;;Bnatural;;;;;MijnGS1;
8720387440580;ACTIVE;Vrouwelijke Hygiëne – Handdoekjes/Maandverbanden;Ja;;Europese Unie;;;Bnatural;;;;;MijnGS1;
8720387440580;ACTIVE;Vrouwelijke Hygiëne – Handdoekjes/Maandverbanden;Ja;;Frankrijk;;;Bnatural;;;;;MijnGS1;
8720387440580;ACTIVE;Vrouwelijke Hygiëne – Handdoekjes/Maandverbanden;Ja;;Duitsland;;;Bnatural;;;;;MijnGS1;
8720387440580;ACTIVE;Vrouwelijke Hygiëne – Handdoekjes/Maandverbanden;Ja;;Nederland;;;Bnatural;;;;;MijnGS1;
8720387440580;ACTIVE;Vrouwelijke Hygiëne – Handdoekjes/Maandverbanden;Ja;;Spanje;;;Bnatural;;;;;MijnGS1;
8720387440597;ACTIVE;Vrouwelijke Hygiëne – Handdoekjes/Maandverbanden;Ja;;Global Market;Essential pack L - period underwear;Engels;Bnatural;;;;;MijnGS1;
8720387440597;ACTIVE;Vrouwelijke Hygiëne – Handdoekjes/Maandverbanden;Ja;;België;;;Bnatural;;;;;MijnGS1;
8720387440597;ACTIVE;Vrouwelijke Hygiëne – Handdoekjes/Maandverbanden;Ja;;Europese Unie;;;Bnatural;;;;;MijnGS1;
8720387440597;ACTIVE;Vrouwelijke Hygiëne – Handdoekjes/Maandverbanden;Ja;;Frankrijk;;;Bnatural;;;;;MijnGS1;
8720387440597;ACTIVE;Vrouwelijke Hygiëne – Handdoekjes/Maandverbanden;Ja;;Duitsland;;;Bnatural;;;;;MijnGS1;
8720387440597;ACTIVE;Vrouwelijke Hygiëne – Handdoekjes/Maandverbanden;Ja;;Nederland;;;Bnatural;;;;;MijnGS1;
8720387440603;ACTIVE;Vrouwelijke Hygiëne – Handdoekjes/Maandverbanden;Ja;;Global Market;Essential pack XL period underwear;Engels;Bnatural;;;;;MijnGS1;
8720387440603;ACTIVE;Vrouwelijke Hygiëne – Handdoekjes/Maandverbanden;Ja;;België;;;Bnatural;;;;;MijnGS1;
8720387440603;ACTIVE;Vrouwelijke Hygiëne – Handdoekjes/Maandverbanden;Ja;;Europese Unie;;;Bnatural;;;;;MijnGS1;
8720387440603;ACTIVE;Vrouwelijke Hygiëne – Handdoekjes/Maandverbanden;Ja;;Frankrijk;;;Bnatural;;;;;MijnGS1;
8720387440603;ACTIVE;Vrouwelijke Hygiëne – Handdoekjes/Maandverbanden;Ja;;Duitsland;;;Bnatural;;;;;MijnGS1;
8720387440603;ACTIVE;Vrouwelijke Hygiëne – Handdoekjes/Maandverbanden;Ja;;Nederland;;;Bnatural;;;;;MijnGS1;
8720387440603;ACTIVE;Vrouwelijke Hygiëne – Handdoekjes/Maandverbanden;Ja;;Spanje;;;Bnatural;;;;;MijnGS1;
8720387440610;ACTIVE;Vrouwelijke Hygiëne – Handdoekjes/Maandverbanden;Ja;;Global Market;Essential pack XXL period underwear;Engels;Bnatural;;;;;MijnGS1;
8720387440610;ACTIVE;Vrouwelijke Hygiëne – Handdoekjes/Maandverbanden;Ja;;België;;;Bnatural;;;;;MijnGS1;
8720387440610;ACTIVE;Vrouwelijke Hygiëne – Handdoekjes/Maandverbanden;Ja;;Europese Unie;;;Bnatural;;;;;MijnGS1;
8720387440610;ACTIVE;Vrouwelijke Hygiëne – Handdoekjes/Maandverbanden;Ja;;Frankrijk;;;Bnatural;;;;;MijnGS1;
8720387440610;ACTIVE;Vrouwelijke Hygiëne – Handdoekjes/Maandverbanden;Ja;;Duitsland;;;Bnatural;;;;;MijnGS1;
8720387440610;ACTIVE;Vrouwelijke Hygiëne – Handdoekjes/Maandverbanden;Ja;;Nederland;;;Bnatural;;;;;MijnGS1;
8720387440610;ACTIVE;Vrouwelijke Hygiëne – Handdoekjes/Maandverbanden;Ja;;Spanje;;;Bnatural;;;;;MijnGS1;
8720387440627;ACTIVE;Vrouwelijke Hygiëne – Handdoekjes/Maandverbanden;Ja;;Global Market;Sportive pack S period underwear;Engels;Bnatural;;;;;MijnGS1;
8720387440627;ACTIVE;Vrouwelijke Hygiëne – Handdoekjes/Maandverbanden;Ja;;België;;;Bnatural;;;;;MijnGS1;
8720387440627;ACTIVE;Vrouwelijke Hygiëne – Handdoekjes/Maandverbanden;Ja;;Europese Unie;;;Bnatural;;;;;MijnGS1;
8720387440627;ACTIVE;Vrouwelijke Hygiëne – Handdoekjes/Maandverbanden;Ja;;Frankrijk;;;Bnatural;;;;;MijnGS1;
8720387440627;ACTIVE;Vrouwelijke Hygiëne – Handdoekjes/Maandverbanden;Ja;;Duitsland;;;Bnatural;;;;;MijnGS1;
8720387440627;ACTIVE;Vrouwelijke Hygiëne – Handdoekjes/Maandverbanden;Ja;;Nederland;;;Bnatural;;;;;MijnGS1;
8720387440627;ACTIVE;Vrouwelijke Hygiëne – Handdoekjes/Maandverbanden;Ja;;Spanje;;;Bnatural;;;;;MijnGS1;
8720387440634;ACTIVE;Vrouwelijke Hygiëne – Handdoekjes/Maandverbanden;Ja;;Global Market;Sportive pack M period underwear;Engels;Bnatural;;;;;MijnGS1;
8720387440634;ACTIVE;Vrouwelijke Hygiëne – Handdoekjes/Maandverbanden;Ja;;België;;;Bnatural;;;;;MijnGS1;
8720387440634;ACTIVE;Vrouwelijke Hygiëne – Handdoekjes/Maandverbanden;Ja;;Europese Unie;;;Bnatural;;;;;MijnGS1;
8720387440634;ACTIVE;Vrouwelijke Hygiëne – Handdoekjes/Maandverbanden;Ja;;Frankrijk;;;Bnatural;;;;;MijnGS1;
8720387440634;ACTIVE;Vrouwelijke Hygiëne – Handdoekjes/Maandverbanden;Ja;;Duitsland;;;Bnatural;;;;;MijnGS1;
8720387440634;ACTIVE;Vrouwelijke Hygiëne – Handdoekjes/Maandverbanden;Ja;;Nederland;;;Bnatural;;;;;MijnGS1;
8720387440634;ACTIVE;Vrouwelijke Hygiëne – Handdoekjes/Maandverbanden;Ja;;Spanje;;;Bnatural;;;;;MijnGS1;
8720387440641;ACTIVE;Vrouwelijke Hygiëne – Handdoekjes/Maandverbanden;Ja;;Global Market;Sportive pack L period underwear;Engels;Bnatural;;;;;MijnGS1;
8720387440641;ACTIVE;Vrouwelijke Hygiëne – Handdoekjes/Maandverbanden;Ja;;België;;;Bnatural;;;;;MijnGS1;
8720387440641;ACTIVE;Vrouwelijke Hygiëne – Handdoekjes/Maandverbanden;Ja;;Europese Unie;;;Bnatural;;;;;MijnGS1;
8720387440641;ACTIVE;Vrouwelijke Hygiëne – Handdoekjes/Maandverbanden;Ja;;Frankrijk;;;Bnatural;;;;;MijnGS1;
8720387440641;ACTIVE;Vrouwelijke Hygiëne – Handdoekjes/Maandverbanden;Ja;;Duitsland;;;Bnatural;;;;;MijnGS1;
8720387440641;ACTIVE;Vrouwelijke Hygiëne – Handdoekjes/Maandverbanden;Ja;;Nederland;;;Bnatural;;;;;MijnGS1;
8720387440641;ACTIVE;Vrouwelijke Hygiëne – Handdoekjes/Maandverbanden;Ja;;Spanje;;;Bnatural;;;;;MijnGS1;
8720387440658;ACTIVE;Vrouwelijke Hygiëne – Handdoekjes/Maandverbanden;Ja;;Global Market;Sportive pack XL period underwear;Engels;Bnatural;;;;;MijnGS1;
8720387440658;ACTIVE;Vrouwelijke Hygiëne – Handdoekjes/Maandverbanden;Ja;;België;;;Bnatural;;;;;MijnGS1;
8720387440658;ACTIVE;Vrouwelijke Hygiëne – Handdoekjes/Maandverbanden;Ja;;Europese Unie;;;Bnatural;;;;;MijnGS1;
8720387440658;ACTIVE;Vrouwelijke Hygiëne – Handdoekjes/Maandverbanden;Ja;;Frankrijk;;;Bnatural;;;;;MijnGS1;
8720387440658;ACTIVE;Vrouwelijke Hygiëne – Handdoekjes/Maandverbanden;Ja;;Duitsland;;;Bnatural;;;;;MijnGS1;
8720387440658;ACTIVE;Vrouwelijke Hygiëne – Handdoekjes/Maandverbanden;Ja;;Nederland;;;Bnatural;;;;;MijnGS1;
8720387440658;ACTIVE;Vrouwelijke Hygiëne – Handdoekjes/Maandverbanden;Ja;;Spanje;;;Bnatural;;;;;MijnGS1;
8720387440665;ACTIVE;Vrouwelijke Hygiëne – Handdoekjes/Maandverbanden;Ja;;Global Market;Sportive pack XXL period underwear;Engels;Bnatural;;;;;MijnGS1;
8720387440665;ACTIVE;Vrouwelijke Hygiëne – Handdoekjes/Maandverbanden;Ja;;België;;;Bnatural;;;;;MijnGS1;
8720387440665;ACTIVE;Vrouwelijke Hygiëne – Handdoekjes/Maandverbanden;Ja;;Europese Unie;;;Bnatural;;;;;MijnGS1;
8720387440665;ACTIVE;Vrouwelijke Hygiëne – Handdoekjes/Maandverbanden;Ja;;Frankrijk;;;Bnatural;;;;;MijnGS1;
8720387440665;ACTIVE;Vrouwelijke Hygiëne – Handdoekjes/Maandverbanden;Ja;;Duitsland;;;Bnatural;;;;;MijnGS1;
8720387440665;ACTIVE;Vrouwelijke Hygiëne – Handdoekjes/Maandverbanden;Ja;;Nederland;;;Bnatural;;;;;MijnGS1;
8720387440665;ACTIVE;Vrouwelijke Hygiëne – Handdoekjes/Maandverbanden;Ja;;Spanje;;;Bnatural;;;;;MijnGS1;
8720387440672;ACTIVE;Vrouwelijke Hygiëne – Handdoekjes/Maandverbanden;Ja;;Global Market;Weekly pack S, 4 period underwear;Engels;Bnatural;;;;;MijnGS1;
8720387440672;ACTIVE;Vrouwelijke Hygiëne – Handdoekjes/Maandverbanden;Ja;;België;;;Bnatural;;;;;MijnGS1;
8720387440672;ACTIVE;Vrouwelijke Hygiëne – Handdoekjes/Maandverbanden;Ja;;Europese Unie;;;Bnatural;;;;;MijnGS1;
8720387440672;ACTIVE;Vrouwelijke Hygiëne – Handdoekjes/Maandverbanden;Ja;;Frankrijk;;;Bnatural;;;;;MijnGS1;
8720387440672;ACTIVE;Vrouwelijke Hygiëne – Handdoekjes/Maandverbanden;Ja;;Duitsland;;;Bnatural;;;;;MijnGS1;
8720387440672;ACTIVE;Vrouwelijke Hygiëne – Handdoekjes/Maandverbanden;Ja;;Nederland;;;Bnatural;;;;;MijnGS1;
8720387440672;ACTIVE;Vrouwelijke Hygiëne – Handdoekjes/Maandverbanden;Ja;;Spanje;;;Bnatural;;;;;MijnGS1;
8720387440689;ACTIVE;Vrouwelijke Hygiëne – Handdoekjes/Maandverbanden;Ja;;Global Market;Weekly pack M, 4 period underwear;Engels;Bnatural;;;;;MijnGS1;
8720387440689;ACTIVE;Vrouwelijke Hygiëne – Handdoekjes/Maandverbanden;Ja;;België;;;Bnatural;;;;;MijnGS1;
8720387440689;ACTIVE;Vrouwelijke Hygiëne – Handdoekjes/Maandverbanden;Ja;;Europese Unie;;;Bnatural;;;;;MijnGS1;
8720387440689;ACTIVE;Vrouwelijke Hygiëne – Handdoekjes/Maandverbanden;Ja;;Frankrijk;;;Bnatural;;;;;MijnGS1;
8720387440689;ACTIVE;Vrouwelijke Hygiëne – Handdoekjes/Maandverbanden;Ja;;Duitsland;;;Bnatural;;;;;MijnGS1;
8720387440689;ACTIVE;Vrouwelijke Hygiëne – Handdoekjes/Maandverbanden;Ja;;Nederland;;;Bnatural;;;;;MijnGS1;
8720387440689;ACTIVE;Vrouwelijke Hygiëne – Handdoekjes/Maandverbanden;Ja;;Spanje;;;Bnatural;;;;;MijnGS1;
8720387440696;ACTIVE;Vrouwelijke Hygiëne – Handdoekjes/Maandverbanden;Ja;;Global Market;Weekly pack L, 4 period underwear;Engels;Bnatural;;;;;MijnGS1;
8720387440696;ACTIVE;Vrouwelijke Hygiëne – Handdoekjes/Maandverbanden;Ja;;België;;;Bnatural;;;;;MijnGS1;
8720387440696;ACTIVE;Vrouwelijke Hygiëne – Handdoekjes/Maandverbanden;Ja;;Europese Unie;;;Bnatural;;;;;MijnGS1;
8720387440696;ACTIVE;Vrouwelijke Hygiëne – Handdoekjes/Maandverbanden;Ja;;Frankrijk;;;Bnatural;;;;;MijnGS1;
8720387440696;ACTIVE;Vrouwelijke Hygiëne – Handdoekjes/Maandverbanden;Ja;;Duitsland;;;Bnatural;;;;;MijnGS1;
8720387440696;ACTIVE;Vrouwelijke Hygiëne – Handdoekjes/Maandverbanden;Ja;;Nederland;;;Bnatural;;;;;MijnGS1;
8720387440696;ACTIVE;Vrouwelijke Hygiëne – Handdoekjes/Maandverbanden;Ja;;Spanje;;;Bnatural;;;;;MijnGS1;
8720387440702;ACTIVE;Vrouwelijke Hygiëne – Handdoekjes/Maandverbanden;Ja;;Global Market;Weekly pack XL, 4 period underwear;Engels;Bnatural;;;;;MijnGS1;
8720387440702;ACTIVE;Vrouwelijke Hygiëne – Handdoekjes/Maandverbanden;Ja;;België;;;Bnatural;;;;;MijnGS1;
8720387440702;ACTIVE;Vrouwelijke Hygiëne – Handdoekjes/Maandverbanden;Ja;;Europese Unie;;;Bnatural;;;;;MijnGS1;
8720387440702;ACTIVE;Vrouwelijke Hygiëne – Handdoekjes/Maandverbanden;Ja;;Frankrijk;;;Bnatural;;;;;MijnGS1;
8720387440702;ACTIVE;Vrouwelijke Hygiëne – Handdoekjes/Maandverbanden;Ja;;Duitsland;;;Bnatural;;;;;MijnGS1;
8720387440702;ACTIVE;Vrouwelijke Hygiëne – Handdoekjes/Maandverbanden;Ja;;Nederland;;;Bnatural;;;;;MijnGS1;
8720387440702;ACTIVE;Vrouwelijke Hygiëne – Handdoekjes/Maandverbanden;Ja;;Spanje;;;Bnatural;;;;;MijnGS1;
8720387440719;ACTIVE;Vrouwelijke Hygiëne – Handdoekjes/Maandverbanden;Ja;;Global Market;Weekly pack XXL, 4 period underwear;Engels;Bnatural;;;;;MijnGS1;
8720387440719;ACTIVE;Vrouwelijke Hygiëne – Handdoekjes/Maandverbanden;Ja;;België;;;Bnatural;;;;;MijnGS1;
8720387440719;ACTIVE;Vrouwelijke Hygiëne – Handdoekjes/Maandverbanden;Ja;;Europese Unie;;;Bnatural;;;;;MijnGS1;
8720387440719;ACTIVE;Vrouwelijke Hygiëne – Handdoekjes/Maandverbanden;Ja;;Frankrijk;;;Bnatural;;;;;MijnGS1;
8720387440719;ACTIVE;Vrouwelijke Hygiëne – Handdoekjes/Maandverbanden;Ja;;Duitsland;;;Bnatural;;;;;MijnGS1;
8720387440719;ACTIVE;Vrouwelijke Hygiëne – Handdoekjes/Maandverbanden;Ja;;Nederland;;;Bnatural;;;;;MijnGS1;
8720387440719;ACTIVE;Vrouwelijke Hygiëne – Handdoekjes/Maandverbanden;Ja;;Spanje;;;Bnatural;;;;;MijnGS1;
8720387440726;ACTIVE;Draagbare Luidsprekers;Ja;Doos;België;Draadloze Speaker Bluetooth;Nederlands;T&G;;;;;MijnGS1;
8720387440726;ACTIVE;Draagbare Luidsprekers;Ja;Doos;Nederland;;;T&G;;;;;MijnGS1;
8720387440733;ACTIVE;Opladers;Ja;Doos;Nederland;Nachtlight met wireless oplader;Nederlands;QSS;;;;;MijnGS1;
8720387440740;ACTIVE;Poppen/Pluchen Speelgoed (Niet–elektrisch);Ja;Doos;Nederland;Gengar met grote tong;Nederlands;Pokemon;;;;;MijnGS1;
8720387440757;ACTIVE;Poppen/Pluchen Speelgoed (Niet–elektrisch);Ja;Doos;Nederland;Venusaur knuffel;Nederlands;Pokemon;;;;;MijnGS1;
8720387440764;ACTIVE;Poppen/Pluchen Speelgoed (Niet–elektrisch);Ja;Doos;België;Pikachu knuffel 20cm;Nederlands;Pokemon;;;;;MijnGS1;
8720387440764;ACTIVE;Poppen/Pluchen Speelgoed (Niet–elektrisch);Ja;Doos;Nederland;;;Pokemon;;;;;MijnGS1;
8720387440771;ACTIVE;Handsfree Kits/Koptelefoons;Ja;Doos;Global Market;Draadloze Bluetooth 5.0 Oortelefoon;Nederlands;Xiaomi;;;;;MijnGS1;
8720387440771;ACTIVE;Handsfree Kits/Koptelefoons;Ja;Doos;België;;;Xiaomi;;;;;MijnGS1;
8720387440771;ACTIVE;Handsfree Kits/Koptelefoons;Ja;Doos;Nederland;;;Xiaomi;;;;;MijnGS1;
8720387440788;ACTIVE;Poppen/Pluchen Speelgoed (Niet–elektrisch);Ja;Doos;Europese Unie;Among Us Knuffel Plushie Bruin;Nederlands;Among us;;;;;MijnGS1;
8720387440795;ACTIVE;Poppen/Pluchen Speelgoed (Niet–elektrisch);Ja;;Europese Unie;Among Us Knuffel Plushie Roze;Nederlands;Among us;;;;;MijnGS1;
8720387440801;CONCEPT;Speelgoed/Spelletjes – Overig;Ja;Doos;Europese Unie;Squid game Rondje Vierkant Driehoek;Nederlands;Squid Game;;;;;MijnGS1;
8720387440818;CONCEPT;Decoraties;Ja;Doos;Europese Unie;Squid Game;Nederlands;Squid Game;;;;;MijnGS1;
8720387440825;CONCEPT;Vrouwelijke Hygiëne – Handdoekjes/Maandverbanden;Ja;;Europese Unie;Elegante pack S - period underwear;Nederlands;Bnatural;;;;;MijnGS1;
8720387440832;CONCEPT;Vrouwelijke Hygiëne – Handdoekjes/Maandverbanden;Ja;;Europese Unie;Elegante pack M - period underwear;Nederlands;Bnatural;;;;;MijnGS1;
8720387440849;CONCEPT;Vrouwelijke Hygiëne – Handdoekjes/Maandverbanden;Ja;;Europese Unie;Elegante pack L - period underwear;Nederlands;Bnatural;;;;;MijnGS1;
8720387440856;CONCEPT;Vrouwelijke Hygiëne – Handdoekjes/Maandverbanden;Ja;;;Elegante pack XL - period underwear;Nederlands;Bnatural;;;;;MijnGS1;
8720387440863;CONCEPT;Vrouwelijke Hygiëne – Handdoekjes/Maandverbanden;Ja;;Europese Unie;Elegante pack 2XL  period underwear;Nederlands;Bnatural;;;;;MijnGS1;
8720387440870;ACTIVE;Speelgoed Bouwblokken (Niet–elektrisch);Ja;Doos;Europese Unie;Lego Stenen Cadeau Cirkel;Engels;Squid Game;;;;;MijnGS1;
